<annotation>
	<folder>resizeALL</folder>
	<filename>2020-10-01 22-09-35.jpg</filename>
	<path>C:\Users\backho\Downloads\error\resizeALL\2020-10-01 22-09-35.jpg</path>
	<source>
		<database>Unknown</database>
	</source>
	<size>
		<width>900</width>
		<height>900</height>
		<depth>3</depth>
	</size>
	<segmented>0</segmented>
	<object>
		<name>ERROR B_WD</name>
		<pose>Unspecified</pose>
		<truncated>0</truncated>
		<difficult>0</difficult>
		<bndbox>
			<xmin>608</xmin>
			<ymin>246</ymin>
			<xmax>649</xmax>
			<ymax>284</ymax>
		</bndbox>
	</object>
	<object>
		<name>ERROR B_WD</name>
		<pose>Unspecified</pose>
		<truncated>0</truncated>
		<difficult>0</difficult>
		<bndbox>
			<xmin>793</xmin>
			<ymin>431</ymin>
			<xmax>817</xmax>
			<ymax>455</ymax>
		</bndbox>
	</object>
</annotation>
