<annotation>
	<folder>resizeALL</folder>
	<filename>2020-10-09 05-17-10.jpg</filename>
	<path>C:\Users\backho\Downloads\error\resizeALL\2020-10-09 05-17-10.jpg</path>
	<source>
		<database>Unknown</database>
	</source>
	<size>
		<width>900</width>
		<height>900</height>
		<depth>3</depth>
	</size>
	<segmented>0</segmented>
	<object>
		<name>ERROR GRA_DM</name>
		<pose>Unspecified</pose>
		<truncated>0</truncated>
		<difficult>0</difficult>
		<bndbox>
			<xmin>56</xmin>
			<ymin>298</ymin>
			<xmax>80</xmax>
			<ymax>334</ymax>
		</bndbox>
	</object>
	<object>
		<name>ERROR GRA_DD</name>
		<pose>Unspecified</pose>
		<truncated>0</truncated>
		<difficult>0</difficult>
		<bndbox>
			<xmin>367</xmin>
			<ymin>720</ymin>
			<xmax>395</xmax>
			<ymax>743</ymax>
		</bndbox>
	</object>
</annotation>
