<annotation>
	<folder>resizeALL</folder>
	<filename>2020-10-07 07-39-32.jpg</filename>
	<path>C:\Users\backho\Downloads\error\resizeALL\2020-10-07 07-39-32.jpg</path>
	<source>
		<database>Unknown</database>
	</source>
	<size>
		<width>900</width>
		<height>900</height>
		<depth>3</depth>
	</size>
	<segmented>0</segmented>
	<object>
		<name>ERROR GRE_DM</name>
		<pose>Unspecified</pose>
		<truncated>0</truncated>
		<difficult>0</difficult>
		<bndbox>
			<xmin>376</xmin>
			<ymin>189</ymin>
			<xmax>432</xmax>
			<ymax>241</ymax>
		</bndbox>
	</object>
	<object>
		<name>ERROR GRE_DM</name>
		<pose>Unspecified</pose>
		<truncated>0</truncated>
		<difficult>0</difficult>
		<bndbox>
			<xmin>568</xmin>
			<ymin>486</ymin>
			<xmax>625</xmax>
			<ymax>542</ymax>
		</bndbox>
	</object>
	<object>
		<name>ERROR GRE_DM</name>
		<pose>Unspecified</pose>
		<truncated>0</truncated>
		<difficult>0</difficult>
		<bndbox>
			<xmin>599</xmin>
			<ymin>370</ymin>
			<xmax>659</xmax>
			<ymax>426</ymax>
		</bndbox>
	</object>
	<object>
		<name>ERROR GRE_DM</name>
		<pose>Unspecified</pose>
		<truncated>0</truncated>
		<difficult>0</difficult>
		<bndbox>
			<xmin>228</xmin>
			<ymin>407</ymin>
			<xmax>290</xmax>
			<ymax>470</ymax>
		</bndbox>
	</object>
</annotation>
