<annotation>
	<folder>resizeALL</folder>
	<filename>2020-10-07 07-38-41.jpg</filename>
	<path>C:\Users\backho\Downloads\error\resizeALL\2020-10-07 07-38-41.jpg</path>
	<source>
		<database>Unknown</database>
	</source>
	<size>
		<width>900</width>
		<height>900</height>
		<depth>3</depth>
	</size>
	<segmented>0</segmented>
	<object>
		<name>ERROR GRE_DM</name>
		<pose>Unspecified</pose>
		<truncated>0</truncated>
		<difficult>0</difficult>
		<bndbox>
			<xmin>370</xmin>
			<ymin>187</ymin>
			<xmax>437</xmax>
			<ymax>240</ymax>
		</bndbox>
	</object>
	<object>
		<name>ERROR GRE_DM</name>
		<pose>Unspecified</pose>
		<truncated>0</truncated>
		<difficult>0</difficult>
		<bndbox>
			<xmin>588</xmin>
			<ymin>364</ymin>
			<xmax>659</xmax>
			<ymax>437</ymax>
		</bndbox>
	</object>
	<object>
		<name>ERROR GRE_DM</name>
		<pose>Unspecified</pose>
		<truncated>0</truncated>
		<difficult>0</difficult>
		<bndbox>
			<xmin>556</xmin>
			<ymin>484</ymin>
			<xmax>630</xmax>
			<ymax>547</ymax>
		</bndbox>
	</object>
</annotation>
