<annotation>
	<folder>resizeALL</folder>
	<filename>2020-10-02 21-39-11.jpg</filename>
	<path>C:\Users\backho\Downloads\error\resizeALL\2020-10-02 21-39-11.jpg</path>
	<source>
		<database>Unknown</database>
	</source>
	<size>
		<width>900</width>
		<height>900</height>
		<depth>3</depth>
	</size>
	<segmented>0</segmented>
	<object>
		<name>ERROR GRE_DM</name>
		<pose>Unspecified</pose>
		<truncated>0</truncated>
		<difficult>0</difficult>
		<bndbox>
			<xmin>373</xmin>
			<ymin>181</ymin>
			<xmax>433</xmax>
			<ymax>241</ymax>
		</bndbox>
	</object>
	<object>
		<name>ERROR GRE_DM</name>
		<pose>Unspecified</pose>
		<truncated>0</truncated>
		<difficult>0</difficult>
		<bndbox>
			<xmin>579</xmin>
			<ymin>393</ymin>
			<xmax>658</xmax>
			<ymax>455</ymax>
		</bndbox>
	</object>
	<object>
		<name>ERROR GRE_DM</name>
		<pose>Unspecified</pose>
		<truncated>0</truncated>
		<difficult>0</difficult>
		<bndbox>
			<xmin>565</xmin>
			<ymin>486</ymin>
			<xmax>629</xmax>
			<ymax>547</ymax>
		</bndbox>
	</object>
</annotation>
