<annotation>
	<folder>resizeALL</folder>
	<filename>2020-10-09 05-23-57.jpg</filename>
	<path>C:\Users\backho\Downloads\error\resizeALL\2020-10-09 05-23-57.jpg</path>
	<source>
		<database>Unknown</database>
	</source>
	<size>
		<width>900</width>
		<height>900</height>
		<depth>3</depth>
	</size>
	<segmented>0</segmented>
	<object>
		<name>ERROR P_DD</name>
		<pose>Unspecified</pose>
		<truncated>0</truncated>
		<difficult>0</difficult>
		<bndbox>
			<xmin>551</xmin>
			<ymin>542</ymin>
			<xmax>608</xmax>
			<ymax>593</ymax>
		</bndbox>
	</object>
	<object>
		<name>ERROR P_WD</name>
		<pose>Unspecified</pose>
		<truncated>0</truncated>
		<difficult>0</difficult>
		<bndbox>
			<xmin>183</xmin>
			<ymin>681</ymin>
			<xmax>202</xmax>
			<ymax>700</ymax>
		</bndbox>
	</object>
</annotation>
