<annotation>
	<folder>resizeALL</folder>
	<filename>2020-10-06 06-14-50.jpg</filename>
	<path>C:\Users\backho\Downloads\error\resizeALL\2020-10-06 06-14-50.jpg</path>
	<source>
		<database>Unknown</database>
	</source>
	<size>
		<width>900</width>
		<height>900</height>
		<depth>3</depth>
	</size>
	<segmented>0</segmented>
	<object>
		<name>ERROR GRE_DD</name>
		<pose>Unspecified</pose>
		<truncated>0</truncated>
		<difficult>0</difficult>
		<bndbox>
			<xmin>626</xmin>
			<ymin>430</ymin>
			<xmax>651</xmax>
			<ymax>459</ymax>
		</bndbox>
	</object>
	<object>
		<name>ERROR GRE_DM</name>
		<pose>Unspecified</pose>
		<truncated>0</truncated>
		<difficult>0</difficult>
		<bndbox>
			<xmin>125</xmin>
			<ymin>427</ymin>
			<xmax>150</xmax>
			<ymax>461</ymax>
		</bndbox>
	</object>
</annotation>
