<annotation>
	<folder>resizeALL</folder>
	<filename>2020-10-02 21-39-42.jpg</filename>
	<path>C:\Users\backho\Downloads\error\resizeALL\2020-10-02 21-39-42.jpg</path>
	<source>
		<database>Unknown</database>
	</source>
	<size>
		<width>900</width>
		<height>900</height>
		<depth>3</depth>
	</size>
	<segmented>0</segmented>
	<object>
		<name>ERROR GRE_DM</name>
		<pose>Unspecified</pose>
		<truncated>0</truncated>
		<difficult>0</difficult>
		<bndbox>
			<xmin>350</xmin>
			<ymin>161</ymin>
			<xmax>450</xmax>
			<ymax>239</ymax>
		</bndbox>
	</object>
	<object>
		<name>ERROR GRE_DM</name>
		<pose>Unspecified</pose>
		<truncated>0</truncated>
		<difficult>0</difficult>
		<bndbox>
			<xmin>560</xmin>
			<ymin>470</ymin>
			<xmax>636</xmax>
			<ymax>544</ymax>
		</bndbox>
	</object>
	<object>
		<name>ERROR GRE_DM</name>
		<pose>Unspecified</pose>
		<truncated>0</truncated>
		<difficult>0</difficult>
		<bndbox>
			<xmin>580</xmin>
			<ymin>380</ymin>
			<xmax>666</xmax>
			<ymax>442</ymax>
		</bndbox>
	</object>
	<object>
		<name>ERROR GRE_DM</name>
		<pose>Unspecified</pose>
		<truncated>0</truncated>
		<difficult>0</difficult>
		<bndbox>
			<xmin>220</xmin>
			<ymin>393</ymin>
			<xmax>288</xmax>
			<ymax>462</ymax>
		</bndbox>
	</object>
</annotation>
