<annotation>
	<folder>resizeALL</folder>
	<filename>2020-10-04 23-07-03.jpg</filename>
	<path>C:\Users\backho\Downloads\error\resizeALL\2020-10-04 23-07-03.jpg</path>
	<source>
		<database>Unknown</database>
	</source>
	<size>
		<width>900</width>
		<height>900</height>
		<depth>3</depth>
	</size>
	<segmented>0</segmented>
	<object>
		<name>ERROR B_WD</name>
		<pose>Unspecified</pose>
		<truncated>0</truncated>
		<difficult>0</difficult>
		<bndbox>
			<xmin>285</xmin>
			<ymin>406</ymin>
			<xmax>327</xmax>
			<ymax>451</ymax>
		</bndbox>
	</object>
</annotation>
