<annotation>
	<folder>resizeALL</folder>
	<filename>2020-10-09 01-30-41.jpg</filename>
	<path>C:\Users\backho\Downloads\error\resizeALL\2020-10-09 01-30-41.jpg</path>
	<source>
		<database>Unknown</database>
	</source>
	<size>
		<width>900</width>
		<height>900</height>
		<depth>3</depth>
	</size>
	<segmented>0</segmented>
	<object>
		<name>ERROR P_DD</name>
		<pose>Unspecified</pose>
		<truncated>0</truncated>
		<difficult>0</difficult>
		<bndbox>
			<xmin>551</xmin>
			<ymin>101</ymin>
			<xmax>577</xmax>
			<ymax>123</ymax>
		</bndbox>
	</object>
	<object>
		<name>ERROR P_DD</name>
		<pose>Unspecified</pose>
		<truncated>0</truncated>
		<difficult>0</difficult>
		<bndbox>
			<xmin>116</xmin>
			<ymin>398</ymin>
			<xmax>138</xmax>
			<ymax>418</ymax>
		</bndbox>
	</object>
	<object>
		<name>ERROR P_DL</name>
		<pose>Unspecified</pose>
		<truncated>0</truncated>
		<difficult>0</difficult>
		<bndbox>
			<xmin>697</xmin>
			<ymin>524</ymin>
			<xmax>719</xmax>
			<ymax>544</ymax>
		</bndbox>
	</object>
</annotation>
