<annotation>
	<folder>resizeALL</folder>
	<filename>2020-10-06 15-03-36.jpg</filename>
	<path>C:\Users\backho\Downloads\error\resizeALL\2020-10-06 15-03-36.jpg</path>
	<source>
		<database>Unknown</database>
	</source>
	<size>
		<width>900</width>
		<height>900</height>
		<depth>3</depth>
	</size>
	<segmented>0</segmented>
	<object>
		<name>ERROR P_WD</name>
		<pose>Unspecified</pose>
		<truncated>0</truncated>
		<difficult>0</difficult>
		<bndbox>
			<xmin>625</xmin>
			<ymin>475</ymin>
			<xmax>654</xmax>
			<ymax>498</ymax>
		</bndbox>
	</object>
	<object>
		<name>ERROR P_WD</name>
		<pose>Unspecified</pose>
		<truncated>0</truncated>
		<difficult>0</difficult>
		<bndbox>
			<xmin>96</xmin>
			<ymin>473</ymin>
			<xmax>119</xmax>
			<ymax>493</ymax>
		</bndbox>
	</object>
</annotation>
