<annotation>
	<folder>resizeALL</folder>
	<filename>2020-10-01 09-32-56.jpg</filename>
	<path>C:\Users\backho\Downloads\error\resizeALL\2020-10-01 09-32-56.jpg</path>
	<source>
		<database>Unknown</database>
	</source>
	<size>
		<width>900</width>
		<height>900</height>
		<depth>3</depth>
	</size>
	<segmented>0</segmented>
	<object>
		<name>ERROR B_WD</name>
		<pose>Unspecified</pose>
		<truncated>0</truncated>
		<difficult>0</difficult>
		<bndbox>
			<xmin>121</xmin>
			<ymin>330</ymin>
			<xmax>153</xmax>
			<ymax>356</ymax>
		</bndbox>
	</object>
	<object>
		<name>ERROR B_WD</name>
		<pose>Unspecified</pose>
		<truncated>0</truncated>
		<difficult>0</difficult>
		<bndbox>
			<xmin>176</xmin>
			<ymin>535</ymin>
			<xmax>209</xmax>
			<ymax>569</ymax>
		</bndbox>
	</object>
	<object>
		<name>ERROR B_WD</name>
		<pose>Unspecified</pose>
		<truncated>0</truncated>
		<difficult>0</difficult>
		<bndbox>
			<xmin>613</xmin>
			<ymin>493</ymin>
			<xmax>644</xmax>
			<ymax>525</ymax>
		</bndbox>
	</object>
	<object>
		<name>ERROR B_WD</name>
		<pose>Unspecified</pose>
		<truncated>0</truncated>
		<difficult>0</difficult>
		<bndbox>
			<xmin>85</xmin>
			<ymin>367</ymin>
			<xmax>112</xmax>
			<ymax>395</ymax>
		</bndbox>
	</object>
	<object>
		<name>ERROR B_WD</name>
		<pose>Unspecified</pose>
		<truncated>0</truncated>
		<difficult>0</difficult>
		<bndbox>
			<xmin>384</xmin>
			<ymin>208</ymin>
			<xmax>415</xmax>
			<ymax>237</ymax>
		</bndbox>
	</object>
	<object>
		<name>ERROR B_WD</name>
		<pose>Unspecified</pose>
		<truncated>0</truncated>
		<difficult>0</difficult>
		<bndbox>
			<xmin>693</xmin>
			<ymin>199</ymin>
			<xmax>721</xmax>
			<ymax>231</ymax>
		</bndbox>
	</object>
</annotation>
