<annotation>
	<folder>resizeALL</folder>
	<filename>2020-10-08 01-56-36.jpg</filename>
	<path>C:\Users\backho\Downloads\error\resizeALL\2020-10-08 01-56-36.jpg</path>
	<source>
		<database>Unknown</database>
	</source>
	<size>
		<width>900</width>
		<height>900</height>
		<depth>3</depth>
	</size>
	<segmented>0</segmented>
	<object>
		<name>ERROR GRA_DL</name>
		<pose>Unspecified</pose>
		<truncated>0</truncated>
		<difficult>0</difficult>
		<bndbox>
			<xmin>686</xmin>
			<ymin>294</ymin>
			<xmax>705</xmax>
			<ymax>322</ymax>
		</bndbox>
	</object>
</annotation>
