<annotation>
	<folder>resizeALL</folder>
	<filename>2020-10-08 23-31-04.jpg</filename>
	<path>C:\Users\backho\Downloads\error\resizeALL\2020-10-08 23-31-04.jpg</path>
	<source>
		<database>Unknown</database>
	</source>
	<size>
		<width>900</width>
		<height>900</height>
		<depth>3</depth>
	</size>
	<segmented>0</segmented>
	<object>
		<name>ERROR T_WD</name>
		<pose>Unspecified</pose>
		<truncated>0</truncated>
		<difficult>0</difficult>
		<bndbox>
			<xmin>492</xmin>
			<ymin>369</ymin>
			<xmax>538</xmax>
			<ymax>400</ymax>
		</bndbox>
	</object>
	<object>
		<name>ERROR T_WD</name>
		<pose>Unspecified</pose>
		<truncated>0</truncated>
		<difficult>0</difficult>
		<bndbox>
			<xmin>382</xmin>
			<ymin>386</ymin>
			<xmax>413</xmax>
			<ymax>410</ymax>
		</bndbox>
	</object>
</annotation>
