<annotation>
	<folder>resizeALL</folder>
	<filename>2020-10-01 09-32-04.jpg</filename>
	<path>C:\Users\backho\Downloads\error\resizeALL\2020-10-01 09-32-04.jpg</path>
	<source>
		<database>Unknown</database>
	</source>
	<size>
		<width>900</width>
		<height>900</height>
		<depth>3</depth>
	</size>
	<segmented>0</segmented>
	<object>
		<name>ERROR B_WD</name>
		<pose>Unspecified</pose>
		<truncated>0</truncated>
		<difficult>0</difficult>
		<bndbox>
			<xmin>368</xmin>
			<ymin>604</ymin>
			<xmax>400</xmax>
			<ymax>643</ymax>
		</bndbox>
	</object>
	<object>
		<name>ERROR B_WD</name>
		<pose>Unspecified</pose>
		<truncated>0</truncated>
		<difficult>0</difficult>
		<bndbox>
			<xmin>699</xmin>
			<ymin>475</ymin>
			<xmax>742</xmax>
			<ymax>519</ymax>
		</bndbox>
	</object>
	<object>
		<name>ERROR B_WD</name>
		<pose>Unspecified</pose>
		<truncated>0</truncated>
		<difficult>0</difficult>
		<bndbox>
			<xmin>331</xmin>
			<ymin>662</ymin>
			<xmax>378</xmax>
			<ymax>706</ymax>
		</bndbox>
	</object>
	<object>
		<name>ERROR B_WD</name>
		<pose>Unspecified</pose>
		<truncated>0</truncated>
		<difficult>0</difficult>
		<bndbox>
			<xmin>109</xmin>
			<ymin>411</ymin>
			<xmax>138</xmax>
			<ymax>440</ymax>
		</bndbox>
	</object>
</annotation>
