<annotation>
	<folder>resizeALL</folder>
	<filename>2020-10-04 13-28-48.jpg</filename>
	<path>C:\Users\backho\Downloads\error\resizeALL\2020-10-04 13-28-48.jpg</path>
	<source>
		<database>Unknown</database>
	</source>
	<size>
		<width>900</width>
		<height>900</height>
		<depth>3</depth>
	</size>
	<segmented>0</segmented>
	<object>
		<name>ERROR P_DD</name>
		<pose>Unspecified</pose>
		<truncated>0</truncated>
		<difficult>0</difficult>
		<bndbox>
			<xmin>566</xmin>
			<ymin>597</ymin>
			<xmax>605</xmax>
			<ymax>633</ymax>
		</bndbox>
	</object>
	<object>
		<name>ERROR P_DD</name>
		<pose>Unspecified</pose>
		<truncated>0</truncated>
		<difficult>0</difficult>
		<bndbox>
			<xmin>795</xmin>
			<ymin>518</ymin>
			<xmax>829</xmax>
			<ymax>557</ymax>
		</bndbox>
	</object>
</annotation>
