<annotation>
	<folder>resizeALL</folder>
	<filename>2020-10-02 21-38-20.jpg</filename>
	<path>C:\Users\backho\Downloads\error\resizeALL\2020-10-02 21-38-20.jpg</path>
	<source>
		<database>Unknown</database>
	</source>
	<size>
		<width>900</width>
		<height>900</height>
		<depth>3</depth>
	</size>
	<segmented>0</segmented>
	<object>
		<name>ERROR GRE_DM</name>
		<pose>Unspecified</pose>
		<truncated>0</truncated>
		<difficult>0</difficult>
		<bndbox>
			<xmin>364</xmin>
			<ymin>185</ymin>
			<xmax>443</xmax>
			<ymax>247</ymax>
		</bndbox>
	</object>
	<object>
		<name>ERROR GRE_DM</name>
		<pose>Unspecified</pose>
		<truncated>0</truncated>
		<difficult>0</difficult>
		<bndbox>
			<xmin>587</xmin>
			<ymin>400</ymin>
			<xmax>657</xmax>
			<ymax>461</ymax>
		</bndbox>
	</object>
	<object>
		<name>ERROR GRE_DM</name>
		<pose>Unspecified</pose>
		<truncated>0</truncated>
		<difficult>0</difficult>
		<bndbox>
			<xmin>565</xmin>
			<ymin>485</ymin>
			<xmax>634</xmax>
			<ymax>542</ymax>
		</bndbox>
	</object>
	<object>
		<name>ERROR GRE_DM</name>
		<pose>Unspecified</pose>
		<truncated>0</truncated>
		<difficult>0</difficult>
		<bndbox>
			<xmin>214</xmin>
			<ymin>387</ymin>
			<xmax>292</xmax>
			<ymax>450</ymax>
		</bndbox>
	</object>
</annotation>
