<annotation>
	<folder>resizeALL</folder>
	<filename>2020-10-02 17-26-08.jpg</filename>
	<path>C:\Users\backho\Downloads\error\resizeALL\2020-10-02 17-26-08.jpg</path>
	<source>
		<database>Unknown</database>
	</source>
	<size>
		<width>900</width>
		<height>900</height>
		<depth>3</depth>
	</size>
	<segmented>0</segmented>
	<object>
		<name>ERROR B_WD</name>
		<pose>Unspecified</pose>
		<truncated>0</truncated>
		<difficult>0</difficult>
		<bndbox>
			<xmin>556</xmin>
			<ymin>341</ymin>
			<xmax>602</xmax>
			<ymax>386</ymax>
		</bndbox>
	</object>
</annotation>
