<annotation>
	<folder>resizeALL</folder>
	<filename>2020-10-08 16-10-32.jpg</filename>
	<path>C:\Users\backho\Downloads\error\resizeALL\2020-10-08 16-10-32.jpg</path>
	<source>
		<database>Unknown</database>
	</source>
	<size>
		<width>900</width>
		<height>900</height>
		<depth>3</depth>
	</size>
	<segmented>0</segmented>
	<object>
		<name>ERROR B_WD</name>
		<pose>Unspecified</pose>
		<truncated>0</truncated>
		<difficult>0</difficult>
		<bndbox>
			<xmin>488</xmin>
			<ymin>446</ymin>
			<xmax>538</xmax>
			<ymax>491</ymax>
		</bndbox>
	</object>
	<object>
		<name>ERROR B_WD</name>
		<pose>Unspecified</pose>
		<truncated>0</truncated>
		<difficult>0</difficult>
		<bndbox>
			<xmin>619</xmin>
			<ymin>524</ymin>
			<xmax>681</xmax>
			<ymax>576</ymax>
		</bndbox>
	</object>
</annotation>
