<annotation>
	<folder>resizeALL</folder>
	<filename>2020-10-08 23-24-08.jpg</filename>
	<path>C:\Users\backho\Downloads\error\resizeALL\2020-10-08 23-24-08.jpg</path>
	<source>
		<database>Unknown</database>
	</source>
	<size>
		<width>900</width>
		<height>900</height>
		<depth>3</depth>
	</size>
	<segmented>0</segmented>
	<object>
		<name>ERROR T_WD</name>
		<pose>Unspecified</pose>
		<truncated>0</truncated>
		<difficult>0</difficult>
		<bndbox>
			<xmin>423</xmin>
			<ymin>290</ymin>
			<xmax>472</xmax>
			<ymax>340</ymax>
		</bndbox>
	</object>
	<object>
		<name>ERROR T_WD</name>
		<pose>Unspecified</pose>
		<truncated>0</truncated>
		<difficult>0</difficult>
		<bndbox>
			<xmin>487</xmin>
			<ymin>308</ymin>
			<xmax>536</xmax>
			<ymax>345</ymax>
		</bndbox>
	</object>
	<object>
		<name>ERROR T_WD</name>
		<pose>Unspecified</pose>
		<truncated>0</truncated>
		<difficult>0</difficult>
		<bndbox>
			<xmin>394</xmin>
			<ymin>400</ymin>
			<xmax>418</xmax>
			<ymax>426</ymax>
		</bndbox>
	</object>
</annotation>
