<annotation>
	<folder>resizeALL</folder>
	<filename>2020-10-04 02-00-35.jpg</filename>
	<path>C:\Users\backho\Downloads\error\resizeALL\2020-10-04 02-00-35.jpg</path>
	<source>
		<database>Unknown</database>
	</source>
	<size>
		<width>900</width>
		<height>900</height>
		<depth>3</depth>
	</size>
	<segmented>0</segmented>
	<object>
		<name>ERROR B_WD</name>
		<pose>Unspecified</pose>
		<truncated>0</truncated>
		<difficult>0</difficult>
		<bndbox>
			<xmin>624</xmin>
			<ymin>480</ymin>
			<xmax>662</xmax>
			<ymax>527</ymax>
		</bndbox>
	</object>
	<object>
		<name>ERROR B_WD</name>
		<pose>Unspecified</pose>
		<truncated>0</truncated>
		<difficult>0</difficult>
		<bndbox>
			<xmin>294</xmin>
			<ymin>588</ymin>
			<xmax>311</xmax>
			<ymax>612</ymax>
		</bndbox>
	</object>
</annotation>
