<annotation>
	<folder>resizeALL</folder>
	<filename>2020-10-08 04-37-09.jpg</filename>
	<path>C:\Users\backho\Downloads\error\resizeALL\2020-10-08 04-37-09.jpg</path>
	<source>
		<database>Unknown</database>
	</source>
	<size>
		<width>900</width>
		<height>900</height>
		<depth>3</depth>
	</size>
	<segmented>0</segmented>
	<object>
		<name>ERROR GRA_DD</name>
		<pose>Unspecified</pose>
		<truncated>0</truncated>
		<difficult>0</difficult>
		<bndbox>
			<xmin>502</xmin>
			<ymin>392</ymin>
			<xmax>548</xmax>
			<ymax>419</ymax>
		</bndbox>
	</object>
	<object>
		<name>ERROR GRA_DD</name>
		<pose>Unspecified</pose>
		<truncated>0</truncated>
		<difficult>0</difficult>
		<bndbox>
			<xmin>494</xmin>
			<ymin>570</ymin>
			<xmax>525</xmax>
			<ymax>596</ymax>
		</bndbox>
	</object>
</annotation>
