<annotation>
	<folder>resizeALL</folder>
	<filename>2020-10-03 05-57-14.jpg</filename>
	<path>C:\Users\backho\Downloads\error\resizeALL\2020-10-03 05-57-14.jpg</path>
	<source>
		<database>Unknown</database>
	</source>
	<size>
		<width>900</width>
		<height>900</height>
		<depth>3</depth>
	</size>
	<segmented>0</segmented>
	<object>
		<name>ERROR B_WD</name>
		<pose>Unspecified</pose>
		<truncated>0</truncated>
		<difficult>0</difficult>
		<bndbox>
			<xmin>498</xmin>
			<ymin>511</ymin>
			<xmax>539</xmax>
			<ymax>549</ymax>
		</bndbox>
	</object>
</annotation>
