<annotation>
	<folder>resizeALL</folder>
	<filename>2020-10-06 23-04-10.jpg</filename>
	<path>C:\Users\backho\Downloads\error\resizeALL\2020-10-06 23-04-10.jpg</path>
	<source>
		<database>Unknown</database>
	</source>
	<size>
		<width>900</width>
		<height>900</height>
		<depth>3</depth>
	</size>
	<segmented>0</segmented>
	<object>
		<name>ERROR P_DD</name>
		<pose>Unspecified</pose>
		<truncated>0</truncated>
		<difficult>0</difficult>
		<bndbox>
			<xmin>376</xmin>
			<ymin>492</ymin>
			<xmax>411</xmax>
			<ymax>529</ymax>
		</bndbox>
	</object>
	<object>
		<name>ERROR P_WD</name>
		<pose>Unspecified</pose>
		<truncated>0</truncated>
		<difficult>0</difficult>
		<bndbox>
			<xmin>229</xmin>
			<ymin>147</ymin>
			<xmax>256</xmax>
			<ymax>174</ymax>
		</bndbox>
	</object>
</annotation>
