<annotation>
	<folder>resizeALL</folder>
	<filename>2020-10-08 16-05-05.jpg</filename>
	<path>C:\Users\backho\Downloads\error\resizeALL\2020-10-08 16-05-05.jpg</path>
	<source>
		<database>Unknown</database>
	</source>
	<size>
		<width>900</width>
		<height>900</height>
		<depth>3</depth>
	</size>
	<segmented>0</segmented>
	<object>
		<name>ERROR B_WD</name>
		<pose>Unspecified</pose>
		<truncated>0</truncated>
		<difficult>0</difficult>
		<bndbox>
			<xmin>179</xmin>
			<ymin>455</ymin>
			<xmax>212</xmax>
			<ymax>489</ymax>
		</bndbox>
	</object>
	<object>
		<name>ERROR B_WD</name>
		<pose>Unspecified</pose>
		<truncated>0</truncated>
		<difficult>0</difficult>
		<bndbox>
			<xmin>637</xmin>
			<ymin>661</ymin>
			<xmax>665</xmax>
			<ymax>682</ymax>
		</bndbox>
	</object>
</annotation>
