<annotation>
	<folder>resizeALL</folder>
	<filename>2020-10-02 12-17-37.jpg</filename>
	<path>C:\Users\backho\Downloads\error\resizeALL\2020-10-02 12-17-37.jpg</path>
	<source>
		<database>Unknown</database>
	</source>
	<size>
		<width>900</width>
		<height>900</height>
		<depth>3</depth>
	</size>
	<segmented>0</segmented>
	<object>
		<name>ERROR GRE_DD</name>
		<pose>Unspecified</pose>
		<truncated>0</truncated>
		<difficult>0</difficult>
		<bndbox>
			<xmin>614</xmin>
			<ymin>424</ymin>
			<xmax>657</xmax>
			<ymax>459</ymax>
		</bndbox>
	</object>
	<object>
		<name>ERROR GRE_DM</name>
		<pose>Unspecified</pose>
		<truncated>0</truncated>
		<difficult>0</difficult>
		<bndbox>
			<xmin>116</xmin>
			<ymin>419</ymin>
			<xmax>146</xmax>
			<ymax>463</ymax>
		</bndbox>
	</object>
</annotation>
