<annotation>
	<folder>resizeALL</folder>
	<filename>2020-10-04 14-02-53.jpg</filename>
	<path>C:\Users\backho\Downloads\error\resizeALL\2020-10-04 14-02-53.jpg</path>
	<source>
		<database>Unknown</database>
	</source>
	<size>
		<width>900</width>
		<height>900</height>
		<depth>3</depth>
	</size>
	<segmented>0</segmented>
	<object>
		<name>ERROR P_DD</name>
		<pose>Unspecified</pose>
		<truncated>0</truncated>
		<difficult>0</difficult>
		<bndbox>
			<xmin>225</xmin>
			<ymin>391</ymin>
			<xmax>263</xmax>
			<ymax>429</ymax>
		</bndbox>
	</object>
	<object>
		<name>ERROR P_DD</name>
		<pose>Unspecified</pose>
		<truncated>0</truncated>
		<difficult>0</difficult>
		<bndbox>
			<xmin>643</xmin>
			<ymin>567</ymin>
			<xmax>667</xmax>
			<ymax>584</ymax>
		</bndbox>
	</object>
</annotation>
