<annotation>
	<folder>resizeALL</folder>
	<filename>2020-10-08 23-26-21.jpg</filename>
	<path>C:\Users\backho\Downloads\error\resizeALL\2020-10-08 23-26-21.jpg</path>
	<source>
		<database>Unknown</database>
	</source>
	<size>
		<width>900</width>
		<height>900</height>
		<depth>3</depth>
	</size>
	<segmented>0</segmented>
	<object>
		<name>ERROR T_WD</name>
		<pose>Unspecified</pose>
		<truncated>0</truncated>
		<difficult>0</difficult>
		<bndbox>
			<xmin>481</xmin>
			<ymin>260</ymin>
			<xmax>514</xmax>
			<ymax>288</ymax>
		</bndbox>
	</object>
	<object>
		<name>ERROR T_WD</name>
		<pose>Unspecified</pose>
		<truncated>0</truncated>
		<difficult>0</difficult>
		<bndbox>
			<xmin>488</xmin>
			<ymin>337</ymin>
			<xmax>519</xmax>
			<ymax>369</ymax>
		</bndbox>
	</object>
	<object>
		<name>ERROR T_WD</name>
		<pose>Unspecified</pose>
		<truncated>0</truncated>
		<difficult>0</difficult>
		<bndbox>
			<xmin>573</xmin>
			<ymin>356</ymin>
			<xmax>602</xmax>
			<ymax>388</ymax>
		</bndbox>
	</object>
	<object>
		<name>ERROR T_WD</name>
		<pose>Unspecified</pose>
		<truncated>0</truncated>
		<difficult>0</difficult>
		<bndbox>
			<xmin>402</xmin>
			<ymin>500</ymin>
			<xmax>430</xmax>
			<ymax>533</ymax>
		</bndbox>
	</object>
</annotation>
