<annotation>
	<folder>resizeALL</folder>
	<filename>2020-10-08 02-08-50.jpg</filename>
	<path>C:\Users\backho\Downloads\error\resizeALL\2020-10-08 02-08-50.jpg</path>
	<source>
		<database>Unknown</database>
	</source>
	<size>
		<width>900</width>
		<height>900</height>
		<depth>3</depth>
	</size>
	<segmented>0</segmented>
	<object>
		<name>ERROR GRA_DD</name>
		<pose>Unspecified</pose>
		<truncated>0</truncated>
		<difficult>0</difficult>
		<bndbox>
			<xmin>352</xmin>
			<ymin>204</ymin>
			<xmax>377</xmax>
			<ymax>225</ymax>
		</bndbox>
	</object>
	<object>
		<name>ERROR GRA_DM</name>
		<pose>Unspecified</pose>
		<truncated>0</truncated>
		<difficult>0</difficult>
		<bndbox>
			<xmin>726</xmin>
			<ymin>319</ymin>
			<xmax>770</xmax>
			<ymax>353</ymax>
		</bndbox>
	</object>
</annotation>
