<annotation>
	<folder>resizeALL</folder>
	<filename>2020-10-06 20-37-27.jpg</filename>
	<path>C:\Users\backho\Downloads\error\resizeALL\2020-10-06 20-37-27.jpg</path>
	<source>
		<database>Unknown</database>
	</source>
	<size>
		<width>900</width>
		<height>900</height>
		<depth>3</depth>
	</size>
	<segmented>0</segmented>
	<object>
		<name>ERROR P_WM</name>
		<pose>Unspecified</pose>
		<truncated>0</truncated>
		<difficult>0</difficult>
		<bndbox>
			<xmin>393</xmin>
			<ymin>314</ymin>
			<xmax>430</xmax>
			<ymax>352</ymax>
		</bndbox>
	</object>
	<object>
		<name>ERROR P_WM</name>
		<pose>Unspecified</pose>
		<truncated>0</truncated>
		<difficult>0</difficult>
		<bndbox>
			<xmin>348</xmin>
			<ymin>248</ymin>
			<xmax>383</xmax>
			<ymax>285</ymax>
		</bndbox>
	</object>
</annotation>
