<annotation>
	<folder>resizeALL</folder>
	<filename>2020-10-03 00-03-13.jpg</filename>
	<path>C:\Users\backho\Downloads\error\resizeALL\2020-10-03 00-03-13.jpg</path>
	<source>
		<database>Unknown</database>
	</source>
	<size>
		<width>900</width>
		<height>900</height>
		<depth>3</depth>
	</size>
	<segmented>0</segmented>
	<object>
		<name>ERROR P_WD</name>
		<pose>Unspecified</pose>
		<truncated>0</truncated>
		<difficult>0</difficult>
		<bndbox>
			<xmin>549</xmin>
			<ymin>373</ymin>
			<xmax>582</xmax>
			<ymax>404</ymax>
		</bndbox>
	</object>
	<object>
		<name>ERROR P_DD</name>
		<pose>Unspecified</pose>
		<truncated>0</truncated>
		<difficult>0</difficult>
		<bndbox>
			<xmin>384</xmin>
			<ymin>659</ymin>
			<xmax>417</xmax>
			<ymax>688</ymax>
		</bndbox>
	</object>
</annotation>
