<annotation>
	<folder>resizeALL</folder>
	<filename>2020-10-08 00-19-56.jpg</filename>
	<path>C:\Users\backho\Downloads\error\resizeALL\2020-10-08 00-19-56.jpg</path>
	<source>
		<database>Unknown</database>
	</source>
	<size>
		<width>900</width>
		<height>900</height>
		<depth>3</depth>
	</size>
	<segmented>0</segmented>
	<object>
		<name>ERROR P_DD</name>
		<pose>Unspecified</pose>
		<truncated>0</truncated>
		<difficult>0</difficult>
		<bndbox>
			<xmin>302</xmin>
			<ymin>352</ymin>
			<xmax>330</xmax>
			<ymax>375</ymax>
		</bndbox>
	</object>
	<object>
		<name>ERROR P_DD</name>
		<pose>Unspecified</pose>
		<truncated>0</truncated>
		<difficult>0</difficult>
		<bndbox>
			<xmin>665</xmin>
			<ymin>717</ymin>
			<xmax>694</xmax>
			<ymax>739</ymax>
		</bndbox>
	</object>
</annotation>
