<annotation>
	<folder>resizeALL</folder>
	<filename>2020-10-02 12-59-58.jpg</filename>
	<path>C:\Users\backho\Downloads\error\resizeALL\2020-10-02 12-59-58.jpg</path>
	<source>
		<database>Unknown</database>
	</source>
	<size>
		<width>900</width>
		<height>900</height>
		<depth>3</depth>
	</size>
	<segmented>0</segmented>
	<object>
		<name>ERROR GRA_WD</name>
		<pose>Unspecified</pose>
		<truncated>0</truncated>
		<difficult>0</difficult>
		<bndbox>
			<xmin>527</xmin>
			<ymin>488</ymin>
			<xmax>579</xmax>
			<ymax>532</ymax>
		</bndbox>
	</object>
</annotation>
