<annotation>
	<folder>resizeALL</folder>
	<filename>2020-10-01 09-30-44.jpg</filename>
	<path>C:\Users\backho\Downloads\error\resizeALL\2020-10-01 09-30-44.jpg</path>
	<source>
		<database>Unknown</database>
	</source>
	<size>
		<width>900</width>
		<height>900</height>
		<depth>3</depth>
	</size>
	<segmented>0</segmented>
	<object>
		<name>ERROR B_WD</name>
		<pose>Unspecified</pose>
		<truncated>0</truncated>
		<difficult>0</difficult>
		<bndbox>
			<xmin>127</xmin>
			<ymin>328</ymin>
			<xmax>161</xmax>
			<ymax>363</ymax>
		</bndbox>
	</object>
	<object>
		<name>ERROR B_WD</name>
		<pose>Unspecified</pose>
		<truncated>0</truncated>
		<difficult>0</difficult>
		<bndbox>
			<xmin>682</xmin>
			<ymin>537</ymin>
			<xmax>720</xmax>
			<ymax>567</ymax>
		</bndbox>
	</object>
</annotation>
