<annotation>
	<folder>resizeALL</folder>
	<filename>2020-10-01 01-22-13.jpg</filename>
	<path>C:\Users\backho\Downloads\error\resizeALL\2020-10-01 01-22-13.jpg</path>
	<source>
		<database>Unknown</database>
	</source>
	<size>
		<width>900</width>
		<height>900</height>
		<depth>3</depth>
	</size>
	<segmented>0</segmented>
	<object>
		<name>ERROR GRE_DD</name>
		<pose>Unspecified</pose>
		<truncated>0</truncated>
		<difficult>0</difficult>
		<bndbox>
			<xmin>501</xmin>
			<ymin>381</ymin>
			<xmax>542</xmax>
			<ymax>415</ymax>
		</bndbox>
	</object>
	<object>
		<name>ERROR GRE_DM</name>
		<pose>Unspecified</pose>
		<truncated>0</truncated>
		<difficult>0</difficult>
		<bndbox>
			<xmin>557</xmin>
			<ymin>331</ymin>
			<xmax>637</xmax>
			<ymax>407</ymax>
		</bndbox>
	</object>
</annotation>
