<annotation>
	<folder>resizeALL</folder>
	<filename>2020-10-06 15-19-04.jpg</filename>
	<path>C:\Users\backho\Downloads\error\resizeALL\2020-10-06 15-19-04.jpg</path>
	<source>
		<database>Unknown</database>
	</source>
	<size>
		<width>900</width>
		<height>900</height>
		<depth>3</depth>
	</size>
	<segmented>0</segmented>
	<object>
		<name>ERROR P_DD</name>
		<pose>Unspecified</pose>
		<truncated>0</truncated>
		<difficult>0</difficult>
		<bndbox>
			<xmin>388</xmin>
			<ymin>51</ymin>
			<xmax>433</xmax>
			<ymax>93</ymax>
		</bndbox>
	</object>
	<object>
		<name>ERROR P_DD</name>
		<pose>Unspecified</pose>
		<truncated>0</truncated>
		<difficult>0</difficult>
		<bndbox>
			<xmin>153</xmin>
			<ymin>266</ymin>
			<xmax>170</xmax>
			<ymax>284</ymax>
		</bndbox>
	</object>
</annotation>
