<annotation>
	<folder>resizeALL</folder>
	<filename>2020-10-02 18-09-01.jpg</filename>
	<path>C:\Users\backho\Downloads\error\resizeALL\2020-10-02 18-09-01.jpg</path>
	<source>
		<database>Unknown</database>
	</source>
	<size>
		<width>900</width>
		<height>900</height>
		<depth>3</depth>
	</size>
	<segmented>0</segmented>
	<object>
		<name>ERROR N_WD</name>
		<pose>Unspecified</pose>
		<truncated>0</truncated>
		<difficult>0</difficult>
		<bndbox>
			<xmin>409</xmin>
			<ymin>620</ymin>
			<xmax>440</xmax>
			<ymax>646</ymax>
		</bndbox>
	</object>
</annotation>
