<annotation>
	<folder>resizeALL</folder>
	<filename>2020-10-01 00-31-26.jpg</filename>
	<path>C:\Users\backho\Downloads\error\resizeALL\2020-10-01 00-31-26.jpg</path>
	<source>
		<database>Unknown</database>
	</source>
	<size>
		<width>900</width>
		<height>900</height>
		<depth>3</depth>
	</size>
	<segmented>0</segmented>
	<object>
		<name>ERROR GRA_DD</name>
		<pose>Unspecified</pose>
		<truncated>0</truncated>
		<difficult>0</difficult>
		<bndbox>
			<xmin>549</xmin>
			<ymin>310</ymin>
			<xmax>595</xmax>
			<ymax>348</ymax>
		</bndbox>
	</object>
</annotation>
