<annotation>
	<folder>resizeALL</folder>
	<filename>2020-10-06 20-40-10.jpg</filename>
	<path>C:\Users\backho\Downloads\error\resizeALL\2020-10-06 20-40-10.jpg</path>
	<source>
		<database>Unknown</database>
	</source>
	<size>
		<width>900</width>
		<height>900</height>
		<depth>3</depth>
	</size>
	<segmented>0</segmented>
	<object>
		<name>ERROR P_WM</name>
		<pose>Unspecified</pose>
		<truncated>0</truncated>
		<difficult>0</difficult>
		<bndbox>
			<xmin>396</xmin>
			<ymin>313</ymin>
			<xmax>435</xmax>
			<ymax>348</ymax>
		</bndbox>
	</object>
	<object>
		<name>ERROR P_WM</name>
		<pose>Unspecified</pose>
		<truncated>0</truncated>
		<difficult>0</difficult>
		<bndbox>
			<xmin>354</xmin>
			<ymin>246</ymin>
			<xmax>391</xmax>
			<ymax>281</ymax>
		</bndbox>
	</object>
</annotation>
