<annotation>
	<folder>resizeALL</folder>
	<filename>2020-10-08 23-31-54.jpg</filename>
	<path>C:\Users\backho\Downloads\error\resizeALL\2020-10-08 23-31-54.jpg</path>
	<source>
		<database>Unknown</database>
	</source>
	<size>
		<width>900</width>
		<height>900</height>
		<depth>3</depth>
	</size>
	<segmented>0</segmented>
	<object>
		<name>ERROR T_WD</name>
		<pose>Unspecified</pose>
		<truncated>0</truncated>
		<difficult>0</difficult>
		<bndbox>
			<xmin>420</xmin>
			<ymin>451</ymin>
			<xmax>446</xmax>
			<ymax>482</ymax>
		</bndbox>
	</object>
	<object>
		<name>ERROR T_WD</name>
		<pose>Unspecified</pose>
		<truncated>0</truncated>
		<difficult>0</difficult>
		<bndbox>
			<xmin>584</xmin>
			<ymin>364</ymin>
			<xmax>601</xmax>
			<ymax>381</ymax>
		</bndbox>
	</object>
	<object>
		<name>ERROR T_WD</name>
		<pose>Unspecified</pose>
		<truncated>0</truncated>
		<difficult>0</difficult>
		<bndbox>
			<xmin>481</xmin>
			<ymin>313</ymin>
			<xmax>505</xmax>
			<ymax>338</ymax>
		</bndbox>
	</object>
</annotation>
