<annotation>
	<folder>resizeALL</folder>
	<filename>2020-10-12 21-14-52.jpg</filename>
	<path>C:\Users\backho\Downloads\error\resizeALL\2020-10-12 21-14-52.jpg</path>
	<source>
		<database>Unknown</database>
	</source>
	<size>
		<width>900</width>
		<height>900</height>
		<depth>3</depth>
	</size>
	<segmented>0</segmented>
	<object>
		<name>ERROR P_WM</name>
		<pose>Unspecified</pose>
		<truncated>0</truncated>
		<difficult>0</difficult>
		<bndbox>
			<xmin>299</xmin>
			<ymin>358</ymin>
			<xmax>334</xmax>
			<ymax>394</ymax>
		</bndbox>
	</object>
	<object>
		<name>ERROR P_WM</name>
		<pose>Unspecified</pose>
		<truncated>0</truncated>
		<difficult>0</difficult>
		<bndbox>
			<xmin>382</xmin>
			<ymin>491</ymin>
			<xmax>415</xmax>
			<ymax>534</ymax>
		</bndbox>
	</object>
</annotation>
