<annotation>
	<folder>resizeALL</folder>
	<filename>2020-10-13 08-40-15.jpg</filename>
	<path>C:\Users\backho\Downloads\error\resizeALL\2020-10-13 08-40-15.jpg</path>
	<source>
		<database>Unknown</database>
	</source>
	<size>
		<width>900</width>
		<height>900</height>
		<depth>3</depth>
	</size>
	<segmented>0</segmented>
	<object>
		<name>ERROR B_WD</name>
		<pose>Unspecified</pose>
		<truncated>0</truncated>
		<difficult>0</difficult>
		<bndbox>
			<xmin>682</xmin>
			<ymin>181</ymin>
			<xmax>760</xmax>
			<ymax>247</ymax>
		</bndbox>
	</object>
	<object>
		<name>ERROR B_WD</name>
		<pose>Unspecified</pose>
		<truncated>0</truncated>
		<difficult>0</difficult>
		<bndbox>
			<xmin>643</xmin>
			<ymin>233</ymin>
			<xmax>700</xmax>
			<ymax>283</ymax>
		</bndbox>
	</object>
	<object>
		<name>ERROR B_WD</name>
		<pose>Unspecified</pose>
		<truncated>0</truncated>
		<difficult>0</difficult>
		<bndbox>
			<xmin>695</xmin>
			<ymin>263</ymin>
			<xmax>757</xmax>
			<ymax>317</ymax>
		</bndbox>
	</object>
</annotation>
