<annotation>
	<folder>resizeALL</folder>
	<filename>2020-10-01 19-08-24.jpg</filename>
	<path>C:\Users\backho\Downloads\error\resizeALL\2020-10-01 19-08-24.jpg</path>
	<source>
		<database>Unknown</database>
	</source>
	<size>
		<width>900</width>
		<height>900</height>
		<depth>3</depth>
	</size>
	<segmented>0</segmented>
	<object>
		<name>ERROR P_DD</name>
		<pose>Unspecified</pose>
		<truncated>0</truncated>
		<difficult>0</difficult>
		<bndbox>
			<xmin>728</xmin>
			<ymin>485</ymin>
			<xmax>769</xmax>
			<ymax>523</ymax>
		</bndbox>
	</object>
	<object>
		<name>ERROR P_DD</name>
		<pose>Unspecified</pose>
		<truncated>0</truncated>
		<difficult>0</difficult>
		<bndbox>
			<xmin>813</xmin>
			<ymin>473</ymin>
			<xmax>845</xmax>
			<ymax>512</ymax>
		</bndbox>
	</object>
</annotation>
