<annotation>
	<folder>resizeALL</folder>
	<filename>2020-10-02 06-58-06.jpg</filename>
	<path>C:\Users\backho\Downloads\error\resizeALL\2020-10-02 06-58-06.jpg</path>
	<source>
		<database>Unknown</database>
	</source>
	<size>
		<width>900</width>
		<height>900</height>
		<depth>3</depth>
	</size>
	<segmented>0</segmented>
	<object>
		<name>ERROR B_WD</name>
		<pose>Unspecified</pose>
		<truncated>0</truncated>
		<difficult>0</difficult>
		<bndbox>
			<xmin>403</xmin>
			<ymin>539</ymin>
			<xmax>437</xmax>
			<ymax>569</ymax>
		</bndbox>
	</object>
</annotation>
