<annotation>
	<folder>resizeALL</folder>
	<filename>2020-10-04 13-53-23.jpg</filename>
	<path>C:\Users\backho\Downloads\error\resizeALL\2020-10-04 13-53-23.jpg</path>
	<source>
		<database>Unknown</database>
	</source>
	<size>
		<width>900</width>
		<height>900</height>
		<depth>3</depth>
	</size>
	<segmented>0</segmented>
	<object>
		<name>ERROR P_DD</name>
		<pose>Unspecified</pose>
		<truncated>0</truncated>
		<difficult>0</difficult>
		<bndbox>
			<xmin>214</xmin>
			<ymin>541</ymin>
			<xmax>236</xmax>
			<ymax>562</ymax>
		</bndbox>
	</object>
	<object>
		<name>ERROR P_DD</name>
		<pose>Unspecified</pose>
		<truncated>0</truncated>
		<difficult>0</difficult>
		<bndbox>
			<xmin>342</xmin>
			<ymin>630</ymin>
			<xmax>359</xmax>
			<ymax>646</ymax>
		</bndbox>
	</object>
</annotation>
