<annotation>
	<folder>resizeALL</folder>
	<filename>2020-10-03 23-31-46.jpg</filename>
	<path>C:\Users\backho\Downloads\error\resizeALL\2020-10-03 23-31-46.jpg</path>
	<source>
		<database>Unknown</database>
	</source>
	<size>
		<width>900</width>
		<height>900</height>
		<depth>3</depth>
	</size>
	<segmented>0</segmented>
	<object>
		<name>ERROR B_WD</name>
		<pose>Unspecified</pose>
		<truncated>0</truncated>
		<difficult>0</difficult>
		<bndbox>
			<xmin>697</xmin>
			<ymin>501</ymin>
			<xmax>751</xmax>
			<ymax>547</ymax>
		</bndbox>
	</object>
	<object>
		<name>ERROR B_DD</name>
		<pose>Unspecified</pose>
		<truncated>0</truncated>
		<difficult>0</difficult>
		<bndbox>
			<xmin>363</xmin>
			<ymin>697</ymin>
			<xmax>397</xmax>
			<ymax>728</ymax>
		</bndbox>
	</object>
</annotation>
