<annotation>
	<folder>resizeALL</folder>
	<filename>2020-10-02 13-05-45.jpg</filename>
	<path>C:\Users\backho\Downloads\error\resizeALL\2020-10-02 13-05-45.jpg</path>
	<source>
		<database>Unknown</database>
	</source>
	<size>
		<width>900</width>
		<height>900</height>
		<depth>3</depth>
	</size>
	<segmented>0</segmented>
	<object>
		<name>ERROR GRA_DD</name>
		<pose>Unspecified</pose>
		<truncated>0</truncated>
		<difficult>0</difficult>
		<bndbox>
			<xmin>536</xmin>
			<ymin>93</ymin>
			<xmax>583</xmax>
			<ymax>126</ymax>
		</bndbox>
	</object>
	<object>
		<name>ERROR GRA_DL</name>
		<pose>Unspecified</pose>
		<truncated>0</truncated>
		<difficult>0</difficult>
		<bndbox>
			<xmin>225</xmin>
			<ymin>206</ymin>
			<xmax>262</xmax>
			<ymax>242</ymax>
		</bndbox>
	</object>
</annotation>
