<annotation>
	<folder>resizeALL</folder>
	<filename>2020-10-09 01-41-35.jpg</filename>
	<path>C:\Users\backho\Downloads\error\resizeALL\2020-10-09 01-41-35.jpg</path>
	<source>
		<database>Unknown</database>
	</source>
	<size>
		<width>900</width>
		<height>900</height>
		<depth>3</depth>
	</size>
	<segmented>0</segmented>
	<object>
		<name>ERROR B_WM</name>
		<pose>Unspecified</pose>
		<truncated>0</truncated>
		<difficult>0</difficult>
		<bndbox>
			<xmin>387</xmin>
			<ymin>323</ymin>
			<xmax>499</xmax>
			<ymax>427</ymax>
		</bndbox>
	</object>
	<object>
		<name>ERROR B_WM</name>
		<pose>Unspecified</pose>
		<truncated>0</truncated>
		<difficult>0</difficult>
		<bndbox>
			<xmin>679</xmin>
			<ymin>560</ymin>
			<xmax>779</xmax>
			<ymax>661</ymax>
		</bndbox>
	</object>
</annotation>
