<annotation>
	<folder>resizeALL</folder>
	<filename>2020-10-06 21-12-54.jpg</filename>
	<path>C:\Users\backho\Downloads\error\resizeALL\2020-10-06 21-12-54.jpg</path>
	<source>
		<database>Unknown</database>
	</source>
	<size>
		<width>900</width>
		<height>900</height>
		<depth>3</depth>
	</size>
	<segmented>0</segmented>
	<object>
		<name>ERROR GRA_DM</name>
		<pose>Unspecified</pose>
		<truncated>0</truncated>
		<difficult>0</difficult>
		<bndbox>
			<xmin>312</xmin>
			<ymin>552</ymin>
			<xmax>381</xmax>
			<ymax>643</ymax>
		</bndbox>
	</object>
</annotation>
