<annotation>
	<folder>resizeALL</folder>
	<filename>2020-10-07 17-55-56.jpg</filename>
	<path>C:\Users\backho\Downloads\error\resizeALL\2020-10-07 17-55-56.jpg</path>
	<source>
		<database>Unknown</database>
	</source>
	<size>
		<width>900</width>
		<height>900</height>
		<depth>3</depth>
	</size>
	<segmented>0</segmented>
	<object>
		<name>ERROR P_DD</name>
		<pose>Unspecified</pose>
		<truncated>0</truncated>
		<difficult>0</difficult>
		<bndbox>
			<xmin>587</xmin>
			<ymin>490</ymin>
			<xmax>617</xmax>
			<ymax>515</ymax>
		</bndbox>
	</object>
	<object>
		<name>ERROR P_DD</name>
		<pose>Unspecified</pose>
		<truncated>0</truncated>
		<difficult>0</difficult>
		<bndbox>
			<xmin>814</xmin>
			<ymin>491</ymin>
			<xmax>843</xmax>
			<ymax>521</ymax>
		</bndbox>
	</object>
</annotation>
