<annotation>
	<folder>resizeALL</folder>
	<filename>2020-10-05 19-31-38.jpg</filename>
	<path>C:\Users\backho\Downloads\error\resizeALL\2020-10-05 19-31-38.jpg</path>
	<source>
		<database>Unknown</database>
	</source>
	<size>
		<width>900</width>
		<height>900</height>
		<depth>3</depth>
	</size>
	<segmented>0</segmented>
	<object>
		<name>ERROR GRA_WD</name>
		<pose>Unspecified</pose>
		<truncated>0</truncated>
		<difficult>0</difficult>
		<bndbox>
			<xmin>539</xmin>
			<ymin>582</ymin>
			<xmax>561</xmax>
			<ymax>599</ymax>
		</bndbox>
	</object>
	<object>
		<name>ERROR GRA_WD</name>
		<pose>Unspecified</pose>
		<truncated>0</truncated>
		<difficult>0</difficult>
		<bndbox>
			<xmin>659</xmin>
			<ymin>723</ymin>
			<xmax>684</xmax>
			<ymax>748</ymax>
		</bndbox>
	</object>
</annotation>
