<annotation>
	<folder>resizeALL</folder>
	<filename>2020-10-12 15-10-53.jpg</filename>
	<path>C:\Users\backho\Downloads\error\resizeALL\2020-10-12 15-10-53.jpg</path>
	<source>
		<database>Unknown</database>
	</source>
	<size>
		<width>900</width>
		<height>900</height>
		<depth>3</depth>
	</size>
	<segmented>0</segmented>
	<object>
		<name>ERROR GRA_DM</name>
		<pose>Unspecified</pose>
		<truncated>0</truncated>
		<difficult>0</difficult>
		<bndbox>
			<xmin>326</xmin>
			<ymin>558</ymin>
			<xmax>372</xmax>
			<ymax>637</ymax>
		</bndbox>
	</object>
	<object>
		<name>ERROR GRA_DD</name>
		<pose>Unspecified</pose>
		<truncated>0</truncated>
		<difficult>0</difficult>
		<bndbox>
			<xmin>177</xmin>
			<ymin>560</ymin>
			<xmax>195</xmax>
			<ymax>573</ymax>
		</bndbox>
	</object>
</annotation>
