<annotation>
	<folder>resizeALL</folder>
	<filename>2020-10-01 09-34-48.jpg</filename>
	<path>C:\Users\backho\Downloads\error\resizeALL\2020-10-01 09-34-48.jpg</path>
	<source>
		<database>Unknown</database>
	</source>
	<size>
		<width>900</width>
		<height>900</height>
		<depth>3</depth>
	</size>
	<segmented>0</segmented>
	<object>
		<name>ERROR B_WD</name>
		<pose>Unspecified</pose>
		<truncated>0</truncated>
		<difficult>0</difficult>
		<bndbox>
			<xmin>408</xmin>
			<ymin>579</ymin>
			<xmax>452</xmax>
			<ymax>619</ymax>
		</bndbox>
	</object>
	<object>
		<name>ERROR B_WD</name>
		<pose>Unspecified</pose>
		<truncated>0</truncated>
		<difficult>0</difficult>
		<bndbox>
			<xmin>608</xmin>
			<ymin>595</ymin>
			<xmax>651</xmax>
			<ymax>640</ymax>
		</bndbox>
	</object>
	<object>
		<name>ERROR B_WD</name>
		<pose>Unspecified</pose>
		<truncated>0</truncated>
		<difficult>0</difficult>
		<bndbox>
			<xmin>522</xmin>
			<ymin>764</ymin>
			<xmax>561</xmax>
			<ymax>789</ymax>
		</bndbox>
	</object>
	<object>
		<name>ERROR B_WD</name>
		<pose>Unspecified</pose>
		<truncated>0</truncated>
		<difficult>0</difficult>
		<bndbox>
			<xmin>201</xmin>
			<ymin>687</ymin>
			<xmax>237</xmax>
			<ymax>709</ymax>
		</bndbox>
	</object>
</annotation>
