<annotation>
	<folder>resizeALL</folder>
	<filename>2020-10-01 09-31-34.jpg</filename>
	<path>C:\Users\backho\Downloads\error\resizeALL\2020-10-01 09-31-34.jpg</path>
	<source>
		<database>Unknown</database>
	</source>
	<size>
		<width>900</width>
		<height>900</height>
		<depth>3</depth>
	</size>
	<segmented>0</segmented>
	<object>
		<name>ERROR B_WD</name>
		<pose>Unspecified</pose>
		<truncated>0</truncated>
		<difficult>0</difficult>
		<bndbox>
			<xmin>170</xmin>
			<ymin>547</ymin>
			<xmax>207</xmax>
			<ymax>571</ymax>
		</bndbox>
	</object>
	<object>
		<name>ERROR B_WD</name>
		<pose>Unspecified</pose>
		<truncated>0</truncated>
		<difficult>0</difficult>
		<bndbox>
			<xmin>416</xmin>
			<ymin>666</ymin>
			<xmax>457</xmax>
			<ymax>693</ymax>
		</bndbox>
	</object>
</annotation>
