<annotation>
	<folder>resizeALL</folder>
	<filename>2020-10-01 10-17-43.jpg</filename>
	<path>C:\Users\backho\Downloads\error\resizeALL\2020-10-01 10-17-43.jpg</path>
	<source>
		<database>Unknown</database>
	</source>
	<size>
		<width>900</width>
		<height>900</height>
		<depth>3</depth>
	</size>
	<segmented>0</segmented>
	<object>
		<name>ERROR GRA_DD</name>
		<pose>Unspecified</pose>
		<truncated>0</truncated>
		<difficult>0</difficult>
		<bndbox>
			<xmin>538</xmin>
			<ymin>244</ymin>
			<xmax>567</xmax>
			<ymax>279</ymax>
		</bndbox>
	</object>
	<object>
		<name>ERROR GRA_DD</name>
		<pose>Unspecified</pose>
		<truncated>0</truncated>
		<difficult>0</difficult>
		<bndbox>
			<xmin>503</xmin>
			<ymin>508</ymin>
			<xmax>544</xmax>
			<ymax>540</ymax>
		</bndbox>
	</object>
	<object>
		<name>ERROR GRA_DD</name>
		<pose>Unspecified</pose>
		<truncated>0</truncated>
		<difficult>0</difficult>
		<bndbox>
			<xmin>779</xmin>
			<ymin>526</ymin>
			<xmax>814</xmax>
			<ymax>557</ymax>
		</bndbox>
	</object>
	<object>
		<name>ERROR GRA_DM</name>
		<pose>Unspecified</pose>
		<truncated>0</truncated>
		<difficult>0</difficult>
		<bndbox>
			<xmin>304</xmin>
			<ymin>570</ymin>
			<xmax>402</xmax>
			<ymax>670</ymax>
		</bndbox>
	</object>
</annotation>
