<annotation>
	<folder>resizeALL</folder>
	<filename>2020-10-09 05-19-54.jpg</filename>
	<path>C:\Users\backho\Downloads\error\resizeALL\2020-10-09 05-19-54.jpg</path>
	<source>
		<database>Unknown</database>
	</source>
	<size>
		<width>900</width>
		<height>900</height>
		<depth>3</depth>
	</size>
	<segmented>0</segmented>
	<object>
		<name>ERROR GRA_DM</name>
		<pose>Unspecified</pose>
		<truncated>0</truncated>
		<difficult>0</difficult>
		<bndbox>
			<xmin>56</xmin>
			<ymin>278</ymin>
			<xmax>85</xmax>
			<ymax>319</ymax>
		</bndbox>
	</object>
	<object>
		<name>ERROR GRA_DD</name>
		<pose>Unspecified</pose>
		<truncated>0</truncated>
		<difficult>0</difficult>
		<bndbox>
			<xmin>165</xmin>
			<ymin>339</ymin>
			<xmax>184</xmax>
			<ymax>353</ymax>
		</bndbox>
	</object>
	<object>
		<name>ERROR GRA_DD</name>
		<pose>Unspecified</pose>
		<truncated>0</truncated>
		<difficult>0</difficult>
		<bndbox>
			<xmin>364</xmin>
			<ymin>717</ymin>
			<xmax>395</xmax>
			<ymax>747</ymax>
		</bndbox>
	</object>
	<object>
		<name>ERROR GRA_DD</name>
		<pose>Unspecified</pose>
		<truncated>0</truncated>
		<difficult>0</difficult>
		<bndbox>
			<xmin>555</xmin>
			<ymin>691</ymin>
			<xmax>590</xmax>
			<ymax>722</ymax>
		</bndbox>
	</object>
</annotation>
