<annotation>
	<folder>resizeALL</folder>
	<filename>2020-10-06 00-26-18.jpg</filename>
	<path>C:\Users\backho\Downloads\error\resizeALL\2020-10-06 00-26-18.jpg</path>
	<source>
		<database>Unknown</database>
	</source>
	<size>
		<width>900</width>
		<height>900</height>
		<depth>3</depth>
	</size>
	<segmented>0</segmented>
	<object>
		<name>ERROR GRA_DD</name>
		<pose>Unspecified</pose>
		<truncated>0</truncated>
		<difficult>0</difficult>
		<bndbox>
			<xmin>541</xmin>
			<ymin>247</ymin>
			<xmax>567</xmax>
			<ymax>273</ymax>
		</bndbox>
	</object>
	<object>
		<name>ERROR GRA_DD</name>
		<pose>Unspecified</pose>
		<truncated>0</truncated>
		<difficult>0</difficult>
		<bndbox>
			<xmin>792</xmin>
			<ymin>532</ymin>
			<xmax>809</xmax>
			<ymax>553</ymax>
		</bndbox>
	</object>
	<object>
		<name>ERROR GRA_DD</name>
		<pose>Unspecified</pose>
		<truncated>0</truncated>
		<difficult>0</difficult>
		<bndbox>
			<xmin>519</xmin>
			<ymin>519</ymin>
			<xmax>540</xmax>
			<ymax>541</ymax>
		</bndbox>
	</object>
	<object>
		<name>ERROR GRA_DM</name>
		<pose>Unspecified</pose>
		<truncated>0</truncated>
		<difficult>0</difficult>
		<bndbox>
			<xmin>333</xmin>
			<ymin>585</ymin>
			<xmax>363</xmax>
			<ymax>649</ymax>
		</bndbox>
	</object>
</annotation>
