<annotation>
	<folder>resizeALL</folder>
	<filename>2020-10-04 23-05-42.jpg</filename>
	<path>C:\Users\backho\Downloads\error\resizeALL\2020-10-04 23-05-42.jpg</path>
	<source>
		<database>Unknown</database>
	</source>
	<size>
		<width>900</width>
		<height>900</height>
		<depth>3</depth>
	</size>
	<segmented>0</segmented>
	<object>
		<name>ERROR B_WD</name>
		<pose>Unspecified</pose>
		<truncated>0</truncated>
		<difficult>0</difficult>
		<bndbox>
			<xmin>494</xmin>
			<ymin>293</ymin>
			<xmax>529</xmax>
			<ymax>337</ymax>
		</bndbox>
	</object>
	<object>
		<name>ERROR B_WD</name>
		<pose>Unspecified</pose>
		<truncated>0</truncated>
		<difficult>0</difficult>
		<bndbox>
			<xmin>702</xmin>
			<ymin>364</ymin>
			<xmax>764</xmax>
			<ymax>407</ymax>
		</bndbox>
	</object>
</annotation>
