<annotation>
	<folder>resizeALL</folder>
	<filename>2020-10-08 23-25-40.jpg</filename>
	<path>C:\Users\backho\Downloads\error\resizeALL\2020-10-08 23-25-40.jpg</path>
	<source>
		<database>Unknown</database>
	</source>
	<size>
		<width>900</width>
		<height>900</height>
		<depth>3</depth>
	</size>
	<segmented>0</segmented>
	<object>
		<name>ERROR T_WD</name>
		<pose>Unspecified</pose>
		<truncated>0</truncated>
		<difficult>0</difficult>
		<bndbox>
			<xmin>494</xmin>
			<ymin>270</ymin>
			<xmax>529</xmax>
			<ymax>294</ymax>
		</bndbox>
	</object>
	<object>
		<name>ERROR T_WD</name>
		<pose>Unspecified</pose>
		<truncated>0</truncated>
		<difficult>0</difficult>
		<bndbox>
			<xmin>451</xmin>
			<ymin>312</ymin>
			<xmax>477</xmax>
			<ymax>332</ymax>
		</bndbox>
	</object>
	<object>
		<name>ERROR T_WD</name>
		<pose>Unspecified</pose>
		<truncated>0</truncated>
		<difficult>0</difficult>
		<bndbox>
			<xmin>494</xmin>
			<ymin>361</ymin>
			<xmax>529</xmax>
			<ymax>383</ymax>
		</bndbox>
	</object>
</annotation>
