<annotation>
	<folder>resizeALL</folder>
	<filename>2020-10-07 07-38-10.jpg</filename>
	<path>C:\Users\backho\Downloads\error\resizeALL\2020-10-07 07-38-10.jpg</path>
	<source>
		<database>Unknown</database>
	</source>
	<size>
		<width>900</width>
		<height>900</height>
		<depth>3</depth>
	</size>
	<segmented>0</segmented>
	<object>
		<name>ERROR GRE_DM</name>
		<pose>Unspecified</pose>
		<truncated>0</truncated>
		<difficult>0</difficult>
		<bndbox>
			<xmin>594</xmin>
			<ymin>366</ymin>
			<xmax>664</xmax>
			<ymax>431</ymax>
		</bndbox>
	</object>
	<object>
		<name>ERROR GRE_DM</name>
		<pose>Unspecified</pose>
		<truncated>0</truncated>
		<difficult>0</difficult>
		<bndbox>
			<xmin>566</xmin>
			<ymin>484</ymin>
			<xmax>637</xmax>
			<ymax>547</ymax>
		</bndbox>
	</object>
	<object>
		<name>ERROR GRE_DM</name>
		<pose>Unspecified</pose>
		<truncated>0</truncated>
		<difficult>0</difficult>
		<bndbox>
			<xmin>379</xmin>
			<ymin>189</ymin>
			<xmax>434</xmax>
			<ymax>240</ymax>
		</bndbox>
	</object>
</annotation>
