<annotation>
	<folder>resizeALL</folder>
	<filename>2020-10-09 02-46-12.jpg</filename>
	<path>C:\Users\backho\Downloads\error\resizeALL\2020-10-09 02-46-12.jpg</path>
	<source>
		<database>Unknown</database>
	</source>
	<size>
		<width>900</width>
		<height>900</height>
		<depth>3</depth>
	</size>
	<segmented>0</segmented>
	<object>
		<name>ERROR B_WM</name>
		<pose>Unspecified</pose>
		<truncated>0</truncated>
		<difficult>0</difficult>
		<bndbox>
			<xmin>508</xmin>
			<ymin>383</ymin>
			<xmax>536</xmax>
			<ymax>415</ymax>
		</bndbox>
	</object>
</annotation>
