<annotation>
	<folder>resizeALL</folder>
	<filename>2020-10-01 09-29-22.jpg</filename>
	<path>C:\Users\backho\Downloads\error\resizeALL\2020-10-01 09-29-22.jpg</path>
	<source>
		<database>Unknown</database>
	</source>
	<size>
		<width>900</width>
		<height>900</height>
		<depth>3</depth>
	</size>
	<segmented>0</segmented>
	<object>
		<name>ERROR B_WD</name>
		<pose>Unspecified</pose>
		<truncated>0</truncated>
		<difficult>0</difficult>
		<bndbox>
			<xmin>213</xmin>
			<ymin>326</ymin>
			<xmax>260</xmax>
			<ymax>369</ymax>
		</bndbox>
	</object>
	<object>
		<name>ERROR B_WD</name>
		<pose>Unspecified</pose>
		<truncated>0</truncated>
		<difficult>0</difficult>
		<bndbox>
			<xmin>570</xmin>
			<ymin>164</ymin>
			<xmax>611</xmax>
			<ymax>203</ymax>
		</bndbox>
	</object>
	<object>
		<name>ERROR B_WD</name>
		<pose>Unspecified</pose>
		<truncated>0</truncated>
		<difficult>0</difficult>
		<bndbox>
			<xmin>609</xmin>
			<ymin>627</ymin>
			<xmax>642</xmax>
			<ymax>652</ymax>
		</bndbox>
	</object>
</annotation>
