<annotation>
	<folder>resizeALL</folder>
	<filename>2020-10-08 00-18-33.jpg</filename>
	<path>C:\Users\backho\Downloads\error\resizeALL\2020-10-08 00-18-33.jpg</path>
	<source>
		<database>Unknown</database>
	</source>
	<size>
		<width>900</width>
		<height>900</height>
		<depth>3</depth>
	</size>
	<segmented>0</segmented>
	<object>
		<name>ERROR P_DM</name>
		<pose>Unspecified</pose>
		<truncated>0</truncated>
		<difficult>0</difficult>
		<bndbox>
			<xmin>234</xmin>
			<ymin>604</ymin>
			<xmax>263</xmax>
			<ymax>631</ymax>
		</bndbox>
	</object>
</annotation>
