<annotation>
	<folder>resizeALL</folder>
	<filename>2020-10-08 07-09-43.jpg</filename>
	<path>C:\Users\backho\Downloads\error\resizeALL\2020-10-08 07-09-43.jpg</path>
	<source>
		<database>Unknown</database>
	</source>
	<size>
		<width>900</width>
		<height>900</height>
		<depth>3</depth>
	</size>
	<segmented>0</segmented>
	<object>
		<name>ERROR GRA_DD</name>
		<pose>Unspecified</pose>
		<truncated>0</truncated>
		<difficult>0</difficult>
		<bndbox>
			<xmin>557</xmin>
			<ymin>313</ymin>
			<xmax>580</xmax>
			<ymax>339</ymax>
		</bndbox>
	</object>
	<object>
		<name>ERROR GRA_DD</name>
		<pose>Unspecified</pose>
		<truncated>0</truncated>
		<difficult>0</difficult>
		<bndbox>
			<xmin>369</xmin>
			<ymin>720</ymin>
			<xmax>393</xmax>
			<ymax>740</ymax>
		</bndbox>
	</object>
</annotation>
