<annotation>
	<folder>resizeALL</folder>
	<filename>2020-10-04 02-40-49.jpg</filename>
	<path>C:\Users\backho\Downloads\error\resizeALL\2020-10-04 02-40-49.jpg</path>
	<source>
		<database>Unknown</database>
	</source>
	<size>
		<width>900</width>
		<height>900</height>
		<depth>3</depth>
	</size>
	<segmented>0</segmented>
	<object>
		<name>ERROR P_DD</name>
		<pose>Unspecified</pose>
		<truncated>0</truncated>
		<difficult>0</difficult>
		<bndbox>
			<xmin>392</xmin>
			<ymin>303</ymin>
			<xmax>434</xmax>
			<ymax>335</ymax>
		</bndbox>
	</object>
	<object>
		<name>ERROR P_DD</name>
		<pose>Unspecified</pose>
		<truncated>0</truncated>
		<difficult>0</difficult>
		<bndbox>
			<xmin>1523</xmin>
			<ymin>1664</ymin>
			<xmax>1546</xmax>
			<ymax>1684</ymax>
		</bndbox>
	</object>
</annotation>
