<annotation>
	<folder>resizeALL</folder>
	<filename>2020-10-01 06-37-47.jpg</filename>
	<path>C:\Users\backho\Downloads\error\resizeALL\2020-10-01 06-37-47.jpg</path>
	<source>
		<database>Unknown</database>
	</source>
	<size>
		<width>900</width>
		<height>900</height>
		<depth>3</depth>
	</size>
	<segmented>0</segmented>
	<object>
		<name>ERROR N_DD</name>
		<pose>Unspecified</pose>
		<truncated>0</truncated>
		<difficult>0</difficult>
		<bndbox>
			<xmin>259</xmin>
			<ymin>452</ymin>
			<xmax>332</xmax>
			<ymax>535</ymax>
		</bndbox>
	</object>
	<object>
		<name>ERROR N_DD</name>
		<pose>Unspecified</pose>
		<truncated>0</truncated>
		<difficult>0</difficult>
		<bndbox>
			<xmin>508</xmin>
			<ymin>379</ymin>
			<xmax>540</xmax>
			<ymax>402</ymax>
		</bndbox>
	</object>
</annotation>
