<annotation>
	<folder>resizeALL</folder>
	<filename>2020-10-09 01-55-14.jpg</filename>
	<path>C:\Users\backho\Downloads\error\resizeALL\2020-10-09 01-55-14.jpg</path>
	<source>
		<database>Unknown</database>
	</source>
	<size>
		<width>900</width>
		<height>900</height>
		<depth>3</depth>
	</size>
	<segmented>0</segmented>
	<object>
		<name>ERROR B_WD</name>
		<pose>Unspecified</pose>
		<truncated>0</truncated>
		<difficult>0</difficult>
		<bndbox>
			<xmin>685</xmin>
			<ymin>330</ymin>
			<xmax>706</xmax>
			<ymax>355</ymax>
		</bndbox>
	</object>
	<object>
		<name>ERROR B_WM</name>
		<pose>Unspecified</pose>
		<truncated>0</truncated>
		<difficult>0</difficult>
		<bndbox>
			<xmin>500</xmin>
			<ymin>375</ymin>
			<xmax>533</xmax>
			<ymax>412</ymax>
		</bndbox>
	</object>
	<object>
		<name>ERROR B_WD</name>
		<pose>Unspecified</pose>
		<truncated>0</truncated>
		<difficult>0</difficult>
		<bndbox>
			<xmin>464</xmin>
			<ymin>538</ymin>
			<xmax>493</xmax>
			<ymax>566</ymax>
		</bndbox>
	</object>
</annotation>
