<annotation>
	<folder>resizeALL</folder>
	<filename>2020-10-12 12-56-29.jpg</filename>
	<path>C:\Users\backho\Downloads\error\resizeALL\2020-10-12 12-56-29.jpg</path>
	<source>
		<database>Unknown</database>
	</source>
	<size>
		<width>900</width>
		<height>900</height>
		<depth>3</depth>
	</size>
	<segmented>0</segmented>
	<object>
		<name>ERROR GRA_DD</name>
		<pose>Unspecified</pose>
		<truncated>0</truncated>
		<difficult>0</difficult>
		<bndbox>
			<xmin>540</xmin>
			<ymin>246</ymin>
			<xmax>573</xmax>
			<ymax>275</ymax>
		</bndbox>
	</object>
	<object>
		<name>ERROR GRA_DD</name>
		<pose>Unspecified</pose>
		<truncated>0</truncated>
		<difficult>0</difficult>
		<bndbox>
			<xmin>789</xmin>
			<ymin>530</ymin>
			<xmax>811</xmax>
			<ymax>555</ymax>
		</bndbox>
	</object>
	<object>
		<name>ERROR GRA_DD</name>
		<pose>Unspecified</pose>
		<truncated>0</truncated>
		<difficult>0</difficult>
		<bndbox>
			<xmin>519</xmin>
			<ymin>516</ymin>
			<xmax>541</xmax>
			<ymax>542</ymax>
		</bndbox>
	</object>
	<object>
		<name>ERROR GRA_DM</name>
		<pose>Unspecified</pose>
		<truncated>0</truncated>
		<difficult>0</difficult>
		<bndbox>
			<xmin>326</xmin>
			<ymin>592</ymin>
			<xmax>362</xmax>
			<ymax>646</ymax>
		</bndbox>
	</object>
</annotation>
