<annotation>
	<folder>resizeALL</folder>
	<filename>2020-10-12 15-09-31.jpg</filename>
	<path>C:\Users\backho\Downloads\error\resizeALL\2020-10-12 15-09-31.jpg</path>
	<source>
		<database>Unknown</database>
	</source>
	<size>
		<width>900</width>
		<height>900</height>
		<depth>3</depth>
	</size>
	<segmented>0</segmented>
	<object>
		<name>ERROR GRA_DD</name>
		<pose>Unspecified</pose>
		<truncated>0</truncated>
		<difficult>0</difficult>
		<bndbox>
			<xmin>560</xmin>
			<ymin>318</ymin>
			<xmax>589</xmax>
			<ymax>344</ymax>
		</bndbox>
	</object>
	<object>
		<name>ERROR GRA_DD</name>
		<pose>Unspecified</pose>
		<truncated>0</truncated>
		<difficult>0</difficult>
		<bndbox>
			<xmin>370</xmin>
			<ymin>723</ymin>
			<xmax>393</xmax>
			<ymax>739</ymax>
		</bndbox>
	</object>
</annotation>
