<annotation>
	<folder>resizeALL</folder>
	<filename>2020-10-08 02-06-58.jpg</filename>
	<path>C:\Users\backho\Downloads\error\resizeALL\2020-10-08 02-06-58.jpg</path>
	<source>
		<database>Unknown</database>
	</source>
	<size>
		<width>900</width>
		<height>900</height>
		<depth>3</depth>
	</size>
	<segmented>0</segmented>
	<object>
		<name>ERROR GRA_DM</name>
		<pose>Unspecified</pose>
		<truncated>0</truncated>
		<difficult>0</difficult>
		<bndbox>
			<xmin>641</xmin>
			<ymin>605</ymin>
			<xmax>672</xmax>
			<ymax>635</ymax>
		</bndbox>
	</object>
	<object>
		<name>ERROR GRA_DD</name>
		<pose>Unspecified</pose>
		<truncated>0</truncated>
		<difficult>0</difficult>
		<bndbox>
			<xmin>479</xmin>
			<ymin>527</ymin>
			<xmax>498</xmax>
			<ymax>548</ymax>
		</bndbox>
	</object>
	<object>
		<name>ERROR GRA_DD</name>
		<pose>Unspecified</pose>
		<truncated>0</truncated>
		<difficult>0</difficult>
		<bndbox>
			<xmin>436</xmin>
			<ymin>383</ymin>
			<xmax>453</xmax>
			<ymax>399</ymax>
		</bndbox>
	</object>
	<object>
		<name>ERROR GRA_DD</name>
		<pose>Unspecified</pose>
		<truncated>0</truncated>
		<difficult>0</difficult>
		<bndbox>
			<xmin>554</xmin>
			<ymin>685</ymin>
			<xmax>570</xmax>
			<ymax>703</ymax>
		</bndbox>
	</object>
</annotation>
