<annotation>
	<folder>resizeALL</folder>
	<filename>2020-10-08 08-42-36.jpg</filename>
	<path>C:\Users\backho\Downloads\error\resizeALL\2020-10-08 08-42-36.jpg</path>
	<source>
		<database>Unknown</database>
	</source>
	<size>
		<width>900</width>
		<height>900</height>
		<depth>3</depth>
	</size>
	<segmented>0</segmented>
	<object>
		<name>ERROR GRA_WD</name>
		<pose>Unspecified</pose>
		<truncated>0</truncated>
		<difficult>0</difficult>
		<bndbox>
			<xmin>474</xmin>
			<ymin>372</ymin>
			<xmax>525</xmax>
			<ymax>417</ymax>
		</bndbox>
	</object>
	<object>
		<name>ERROR GRA_WD</name>
		<pose>Unspecified</pose>
		<truncated>0</truncated>
		<difficult>0</difficult>
		<bndbox>
			<xmin>699</xmin>
			<ymin>407</ymin>
			<xmax>725</xmax>
			<ymax>431</ymax>
		</bndbox>
	</object>
</annotation>
