<annotation>
	<folder>resizeALL</folder>
	<filename>2020-10-09 23-11-23.jpg</filename>
	<path>C:\Users\backho\Downloads\error\resizeALL\2020-10-09 23-11-23.jpg</path>
	<source>
		<database>Unknown</database>
	</source>
	<size>
		<width>900</width>
		<height>900</height>
		<depth>3</depth>
	</size>
	<segmented>0</segmented>
	<object>
		<name>ERROR B_DD</name>
		<pose>Unspecified</pose>
		<truncated>0</truncated>
		<difficult>0</difficult>
		<bndbox>
			<xmin>534</xmin>
			<ymin>385</ymin>
			<xmax>561</xmax>
			<ymax>415</ymax>
		</bndbox>
	</object>
	<object>
		<name>ERROR B_DD</name>
		<pose>Unspecified</pose>
		<truncated>0</truncated>
		<difficult>0</difficult>
		<bndbox>
			<xmin>643</xmin>
			<ymin>584</ymin>
			<xmax>674</xmax>
			<ymax>611</ymax>
		</bndbox>
	</object>
</annotation>
