<annotation>
	<folder>resizeALL</folder>
	<filename>2020-10-07 09-34-18.jpg</filename>
	<path>C:\Users\backho\Downloads\error\resizeALL\2020-10-07 09-34-18.jpg</path>
	<source>
		<database>Unknown</database>
	</source>
	<size>
		<width>900</width>
		<height>900</height>
		<depth>3</depth>
	</size>
	<segmented>0</segmented>
	<object>
		<name>ERROR GRA_DD</name>
		<pose>Unspecified</pose>
		<truncated>0</truncated>
		<difficult>0</difficult>
		<bndbox>
			<xmin>560</xmin>
			<ymin>316</ymin>
			<xmax>584</xmax>
			<ymax>339</ymax>
		</bndbox>
	</object>
	<object>
		<name>ERROR GRA_DD</name>
		<pose>Unspecified</pose>
		<truncated>0</truncated>
		<difficult>0</difficult>
		<bndbox>
			<xmin>372</xmin>
			<ymin>721</ymin>
			<xmax>388</xmax>
			<ymax>743</ymax>
		</bndbox>
	</object>
</annotation>
