<annotation>
	<folder>resizeALL</folder>
	<filename>2020-10-13 08-38-53.jpg</filename>
	<path>C:\Users\backho\Downloads\error\resizeALL\2020-10-13 08-38-53.jpg</path>
	<source>
		<database>Unknown</database>
	</source>
	<size>
		<width>900</width>
		<height>900</height>
		<depth>3</depth>
	</size>
	<segmented>0</segmented>
	<object>
		<name>ERROR B_WD</name>
		<pose>Unspecified</pose>
		<truncated>0</truncated>
		<difficult>0</difficult>
		<bndbox>
			<xmin>647</xmin>
			<ymin>191</ymin>
			<xmax>708</xmax>
			<ymax>261</ymax>
		</bndbox>
	</object>
	<object>
		<name>ERROR B_WD</name>
		<pose>Unspecified</pose>
		<truncated>0</truncated>
		<difficult>0</difficult>
		<bndbox>
			<xmin>609</xmin>
			<ymin>339</ymin>
			<xmax>658</xmax>
			<ymax>379</ymax>
		</bndbox>
	</object>
</annotation>
